filename,label,fundamental_freq,second_peak_freq,ratio
Major_0.wav,Major,130.66666666666666,165.33333333333331,1.2653061224489794
Major_1.wav,Major,131.11111111111111,165.33333333333331,1.2610169491525423
Major_10.wav,Major,130.9090909090909,185.0,1.4131944444444444
Major_100.wav,Major,155.45454545454544,195.9090909090909,1.260233918128655
Major_101.wav,Major,155.9090909090909,175.45454545454544,1.1253644314868805
Major_102.wav,Major,155.55555555555554,196.0,1.26
Major_103.wav,Major,156.0,175.55555555555554,1.1253561253561253
Major_104.wav,Major,155.45454545454544,195.9090909090909,1.260233918128655
Major_105.wav,Major,155.9090909090909,196.8181818181818,1.2623906705539358
Major_106.wav,Major,155.45454545454544,278.1818181818182,1.7894736842105265
Major_107.wav,Major,155.9090909090909,273.6363636363636,1.7551020408163265
Major_108.wav,Major,155.21892161019036,196.0888897652545,1.2633053221288515
Major_109.wav,Major,155.653708505457,196.52367666052112,1.2625698324022347
Major_11.wav,Major,130.9090909090909,175.9090909090909,1.34375
Major_110.wav,Major,155.45454545454544,195.9090909090909,1.260233918128655
Major_111.wav,Major,155.9090909090909,175.45454545454544,1.1253644314868805
Major_112.wav,Major,82.60951010066154,123.9142651509923,1.5
Major_113.wav,Major,83.04429699592818,165.21902020132308,1.9895287958115182
Major_114.wav,Major,82.60951010066154,123.9142651509923,1.5
Major_115.wav,Major,83.04429699592818,165.21902020132308,1.9895287958115182
Major_116.wav,Major,82.22222222222221,123.55555555555554,1.5027027027027027
Major_117.wav,Major,83.1111111111111,164.88888888888889,1.983957219251337
Major_118.wav,Major,82.60951010066154,123.9142651509923,1.5
Major_119.wav,Major,83.04429699592818,155.653708505457,1.8743455497382198
Major_12.wav,Major,165.45454545454544,234.0909090909091,1.414835164835165
Major_120.wav,Major,82.60951010066154,123.9142651509923,1.5
Major_121.wav,Major,83.04429699592818,146.9579706001242,1.7696335078534031
Major_122.wav,Major,165.45454545454544,234.0909090909091,1.414835164835165
Major_123.wav,Major,165.0,233.1818181818182,1.4132231404958677
Major_124.wav,Major,82.22222222222221,130.66666666666666,1.5891891891891892
Major_125.wav,Major,83.1111111111111,131.11111111111111,1.577540106951872
Major_126.wav,Major,82.60951010066154,123.9142651509923,1.5
Major_127.wav,Major,83.04429699592818,146.9579706001242,1.7696335078534031
Major_128.wav,Major,82.60951010066154,116.52288793145942,1.4105263157894736
Major_129.wav,Major,83.04429699592818,165.21902020132308,1.9895287958115182
Major_13.wav,Major,165.0,233.1818181818182,1.4132231404958677
Major_130.wav,Major,82.60951010066154,130.87085547525854,1.5842105263157895
Major_131.wav,Major,83.04429699592818,130.87085547525854,1.575916230366492
Major_132.wav,Major,165.33333333333331,184.88888888888889,1.1182795698924732
Major_133.wav,Major,165.33333333333331,185.77777777777777,1.1236559139784947
Major_134.wav,Major,82.22222222222221,146.66666666666666,1.7837837837837838
Major_135.wav,Major,83.1111111111111,147.11111111111111,1.770053475935829
Major_136.wav,Major,82.60951010066154,123.9142651509923,1.5
Major_137.wav,Major,83.04429699592818,155.653708505457,1.8743455497382198
Major_138.wav,Major,82.60951010066154,130.87085547525854,1.5842105263157895
Major_139.wav,Major,83.04429699592818,130.87085547525854,1.575916230366492
Major_14.wav,Major,138.66666666666666,208.88888888888889,1.5064102564102564
Major_140.wav,Major,87.8269528438612,130.87085547525854,1.49009900990099
Major_141.wav,Major,86.95737905332793,130.87085547525854,1.5050000000000001
Major_142.wav,Major,87.72727272727272,130.9090909090909,1.4922279792746116
Major_143.wav,Major,86.81818181818181,130.9090909090909,1.5078534031413613
Major_144.wav,Major,174.78433189718913,196.0888897652545,1.1218905472636818
Major_145.wav,Major,174.78433189718913,196.52367666052112,1.1243781094527363
Major_146.wav,Major,87.72727272727272,165.45454545454544,1.8860103626943006
Major_147.wav,Major,86.81818181818181,165.0,1.9005235602094241
Major_148.wav,Major,87.72727272727272,155.45454545454544,1.7720207253886011
Major_149.wav,Major,86.81818181818181,155.9090909090909,1.7958115183246075
Major_15.wav,Major,208.44444444444443,278.22222222222223,1.3347547974413647
Major_150.wav,Major,87.72727272727272,155.45454545454544,1.7720207253886011
Major_151.wav,Major,86.81818181818181,155.9090909090909,1.7958115183246075
Major_152.wav,Major,87.72727272727272,155.45454545454544,1.7720207253886011
Major_153.wav,Major,86.81818181818181,155.9090909090909,1.7958115183246075
Major_154.wav,Major,87.8269528438612,130.87085547525854,1.49009900990099
Major_155.wav,Major,86.95737905332793,130.87085547525854,1.5050000000000001
Major_156.wav,Major,88.0,109.77777777777777,1.2474747474747474
Major_157.wav,Major,87.1111111111111,109.77777777777777,1.2602040816326532
Major_158.wav,Major,175.11111111111111,221.33333333333331,1.263959390862944
Major_159.wav,Major,174.66666666666666,220.44444444444443,1.262086513994911
Major_16.wav,Major,138.66666666666666,208.88888888888889,1.5064102564102564
Major_160.wav,Major,88.0,109.77777777777777,1.2474747474747474
Major_161.wav,Major,87.1111111111111,109.77777777777777,1.2602040816326532
Major_162.wav,Major,87.8269528438612,130.87085547525854,1.49009900990099
Major_163.wav,Major,86.95737905332793,130.87085547525854,1.5050000000000001
Major_164.wav,Major,87.72727272727272,165.45454545454544,1.8860103626943006
Major_165.wav,Major,86.81818181818181,165.0,1.9005235602094241
Major_166.wav,Major,175.0,220.9090909090909,1.2623376623376623
Major_167.wav,Major,175.0,220.45454545454544,1.2597402597402596
Major_168.wav,Major,93.04439558706089,138.69701959005806,1.4906542056074767
Major_169.wav,Major,92.17482179652761,185.2192173835885,2.009433962264151
Major_17.wav,Major,208.44444444444443,278.22222222222223,1.3347547974413647
Major_170.wav,Major,184.88888888888889,278.22222222222223,1.5048076923076923
Major_171.wav,Major,176.0,185.77777777777777,1.0555555555555556
Major_172.wav,Major,185.0,234.0909090909091,1.2653562653562653
Major_173.wav,Major,175.45454545454544,185.45454545454544,1.0569948186528497
Major_174.wav,Major,185.0,234.0909090909091,1.2653562653562653
Major_175.wav,Major,175.9090909090909,185.45454545454544,1.0542635658914727
Major_176.wav,Major,185.0,234.0909090909091,1.2653562653562653
Major_177.wav,Major,175.9090909090909,185.45454545454544,1.0542635658914727
Major_178.wav,Major,93.18181818181817,165.45454545454544,1.775609756097561
Major_179.wav,Major,92.27272727272727,165.0,1.788177339901478
Major_18.wav,Major,138.69701959005806,174.78433189718913,1.2601880877742946
Major_180.wav,Major,93.18181818181817,165.45454545454544,1.775609756097561
Major_181.wav,Major,92.27272727272727,165.0,1.788177339901478
Major_182.wav,Major,185.0,234.0909090909091,1.2653562653562653
Major_183.wav,Major,175.45454545454544,185.45454545454544,1.0569948186528497
Major_184.wav,Major,92.88888888888889,116.88888888888889,1.2583732057416268
Major_185.wav,Major,92.0,165.33333333333331,1.797101449275362
Major_186.wav,Major,92.88888888888889,165.33333333333331,1.7799043062200957
Major_187.wav,Major,92.0,165.33333333333331,1.797101449275362
Major_188.wav,Major,184.88888888888889,208.88888888888889,1.1298076923076923
Major_189.wav,Major,185.77777777777777,208.44444444444443,1.1220095693779903
Major_19.wav,Major,278.1818181818182,350.45454545454544,1.2598039215686274
Major_190.wav,Major,92.88888888888889,165.33333333333331,1.7799043062200957
Major_191.wav,Major,92.0,165.33333333333331,1.797101449275362
Major_192.wav,Major,93.04439558706089,116.52288793145942,1.2523364485981308
Major_193.wav,Major,92.17482179652761,155.653708505457,1.6886792452830188
Major_194.wav,Major,185.0,234.0909090909091,1.2653562653562653
Major_195.wav,Major,175.9090909090909,185.45454545454544,1.0542635658914727
Major_196.wav,Major,98.6966252255272,123.9142651509923,1.2555066079295154
Major_197.wav,Major,97.82705143499392,146.9579706001242,1.5022222222222223
Major_198.wav,Major,98.6966252255272,146.52318370485756,1.4845814977973568
Major_199.wav,Major,97.82705143499392,146.9579706001242,1.5022222222222223
Major_2.wav,Major,130.66666666666666,196.0,1.5
Major_20.wav,Major,138.66666666666666,175.11111111111111,1.262820512820513
Major_200.wav,Major,98.6966252255272,123.9142651509923,1.2555066079295154
Major_201.wav,Major,97.82705143499392,165.21902020132308,1.688888888888889
Major_202.wav,Major,98.6966252255272,123.9142651509923,1.2555066079295154
Major_203.wav,Major,97.82705143499392,146.9579706001242,1.5022222222222223
Major_204.wav,Major,98.6966252255272,123.9142651509923,1.2555066079295154
Major_205.wav,Major,97.82705143499392,146.9579706001242,1.5022222222222223
Major_206.wav,Major,98.63636363636363,175.0,1.774193548387097
Major_207.wav,Major,97.72727272727272,175.0,1.7906976744186047
Major_208.wav,Major,98.63636363636363,175.0,1.774193548387097
Major_209.wav,Major,97.72727272727272,175.0,1.7906976744186047
Major_21.wav,Major,174.66666666666666,208.44444444444443,1.193384223918575
Major_210.wav,Major,98.66666666666666,146.66666666666666,1.4864864864864866
Major_211.wav,Major,97.77777777777777,147.11111111111111,1.5045454545454546
Major_212.wav,Major,98.66666666666666,123.55555555555554,1.2522522522522523
Major_213.wav,Major,97.77777777777777,174.66666666666666,1.7863636363636364
Major_214.wav,Major,98.66666666666666,175.11111111111111,1.774774774774775
Major_215.wav,Major,97.77777777777777,174.66666666666666,1.7863636363636364
Major_216.wav,Major,98.66666666666666,146.66666666666666,1.4864864864864866
Major_217.wav,Major,97.77777777777777,147.11111111111111,1.5045454545454546
Major_218.wav,Major,98.66666666666666,175.11111111111111,1.774774774774775
Major_219.wav,Major,97.77777777777777,174.66666666666666,1.7863636363636364
Major_22.wav,Major,138.66666666666666,208.88888888888889,1.5064102564102564
Major_220.wav,Major,98.6966252255272,123.9142651509923,1.2555066079295154
Major_221.wav,Major,97.82705143499392,165.21902020132308,1.688888888888889
Major_222.wav,Major,98.6966252255272,123.9142651509923,1.2555066079295154
Major_223.wav,Major,97.82705143499392,155.653708505457,1.5911111111111111
Major_224.wav,Major,104.34885486399352,155.21892161019036,1.4875
Major_225.wav,Major,103.47928107346024,155.653708505457,1.5042016806722687
Major_226.wav,Major,208.63636363636363,311.8181818181818,1.4945533769063182
Major_227.wav,Major,208.1818181818182,311.3636363636364,1.4956331877729259
Major_228.wav,Major,208.63636363636363,262.27272727272725,1.2570806100217864
Major_229.wav,Major,208.1818181818182,262.27272727272725,1.2598253275109168
Major_23.wav,Major,208.44444444444443,247.1111111111111,1.185501066098081
Major_230.wav,Major,104.34885486399352,155.21892161019036,1.4875
Major_231.wav,Major,103.47928107346024,155.653708505457,1.5042016806722687
Major_232.wav,Major,104.34885486399352,155.21892161019036,1.4875
Major_233.wav,Major,103.47928107346024,155.653708505457,1.5042016806722687
Major_234.wav,Major,104.54545454545455,185.0,1.7695652173913043
Major_235.wav,Major,103.63636363636363,175.45454545454544,1.6929824561403508
Major_236.wav,Major,104.54545454545455,185.0,1.7695652173913043
Major_237.wav,Major,103.63636363636363,175.45454545454544,1.6929824561403508
Major_238.wav,Major,104.54545454545455,185.0,1.7695652173913043
Major_239.wav,Major,103.63636363636363,175.9090909090909,1.6973684210526316
Major_24.wav,Major,138.63636363636363,247.27272727272725,1.7836065573770492
Major_240.wav,Major,104.44444444444444,130.66666666666666,1.251063829787234
Major_241.wav,Major,103.55555555555554,131.11111111111111,1.2660944206008586
Major_242.wav,Major,104.44444444444444,130.66666666666666,1.251063829787234
Major_243.wav,Major,103.55555555555554,131.11111111111111,1.2660944206008586
Major_244.wav,Major,104.44444444444444,130.66666666666666,1.251063829787234
Major_245.wav,Major,103.55555555555554,131.11111111111111,1.2660944206008586
Major_246.wav,Major,104.54545454545455,185.0,1.7695652173913043
Major_247.wav,Major,103.63636363636363,175.45454545454544,1.6929824561403508
Major_248.wav,Major,104.34885486399352,130.87085547525854,1.2541666666666667
Major_249.wav,Major,103.47928107346024,130.87085547525854,1.2647058823529411
Major_25.wav,Major,247.27272727272725,343.6363636363636,1.3897058823529413
Major_250.wav,Major,104.44444444444444,130.66666666666666,1.251063829787234
Major_251.wav,Major,103.55555555555554,131.11111111111111,1.2660944206008586
Major_252.wav,Major,109.77777777777777,165.33333333333331,1.5060728744939271
Major_253.wav,Major,109.77777777777777,165.33333333333331,1.5060728744939271
Major_254.wav,Major,109.77777777777777,165.33333333333331,1.5060728744939271
Major_255.wav,Major,109.77777777777777,165.33333333333331,1.5060728744939271
Major_256.wav,Major,109.77777777777777,184.88888888888889,1.6842105263157896
Major_257.wav,Major,109.77777777777777,185.77777777777777,1.6923076923076923
Major_258.wav,Major,109.77777777777777,165.33333333333331,1.5060728744939271
Major_259.wav,Major,109.77777777777777,165.33333333333331,1.5060728744939271
Major_26.wav,Major,138.63636363636363,175.0,1.2622950819672132
Major_260.wav,Major,109.77777777777777,165.33333333333331,1.5060728744939271
Major_261.wav,Major,109.77777777777777,165.33333333333331,1.5060728744939271
Major_262.wav,Major,109.77777777777777,155.55555555555554,1.417004048582996
Major_263.wav,Major,109.77777777777777,156.0,1.4210526315789473
Major_264.wav,Major,110.0,195.9090909090909,1.78099173553719
Major_265.wav,Major,109.54545454545455,196.36363636363635,1.79253112033195
Major_266.wav,Major,109.77777777777777,165.33333333333331,1.5060728744939271
Major_267.wav,Major,109.77777777777777,165.33333333333331,1.5060728744939271
Major_268.wav,Major,109.77777777777777,138.66666666666666,1.263157894736842
Major_269.wav,Major,109.77777777777777,196.44444444444443,1.7894736842105263
Major_27.wav,Major,175.0,220.45454545454544,1.2597402597402596
Major_270.wav,Major,109.77777777777777,196.0,1.785425101214575
Major_271.wav,Major,109.77777777777777,191.55555555555554,1.7449392712550607
Major_272.wav,Major,109.77777777777777,165.33333333333331,1.5060728744939271
Major_273.wav,Major,109.77777777777777,165.33333333333331,1.5060728744939271
Major_274.wav,Major,109.77777777777777,165.33333333333331,1.5060728744939271
Major_275.wav,Major,109.77777777777777,165.33333333333331,1.5060728744939271
Major_276.wav,Major,109.77777777777777,165.33333333333331,1.5060728744939271
Major_277.wav,Major,109.77777777777777,165.33333333333331,1.5060728744939271
Major_278.wav,Major,109.77777777777777,175.11111111111111,1.5951417004048585
Major_279.wav,Major,109.77777777777777,174.66666666666666,1.591093117408907
Major_28.wav,Major,138.63636363636363,175.0,1.2622950819672132
Major_280.wav,Major,116.52288793145942,174.78433189718913,1.5
Major_281.wav,Major,174.78433189718913,233.4805627581855,1.3358208955223883
Major_282.wav,Major,116.88888888888889,175.11111111111111,1.4980988593155895
Major_283.wav,Major,174.66666666666666,233.33333333333331,1.3358778625954197
Major_284.wav,Major,116.88888888888889,146.66666666666666,1.2547528517110265
Major_285.wav,Major,147.11111111111111,196.44444444444443,1.335347432024169
Major_286.wav,Major,116.81818181818181,220.9090909090909,1.8910505836575877
Major_287.wav,Major,220.45454545454544,233.1818181818182,1.0577319587628866
Major_288.wav,Major,116.88888888888889,175.11111111111111,1.4980988593155895
Major_289.wav,Major,174.66666666666666,208.44444444444443,1.193384223918575
Major_29.wav,Major,175.0,247.27272727272725,1.4129870129870128
Major_290.wav,Major,116.88888888888889,146.66666666666666,1.2547528517110265
Major_291.wav,Major,147.11111111111111,208.44444444444443,1.416918429003021
Major_292.wav,Major,116.81818181818181,208.63636363636363,1.7859922178988328
Major_293.wav,Major,208.1818181818182,233.1818181818182,1.1200873362445414
Major_294.wav,Major,116.88888888888889,146.66666666666666,1.2547528517110265
Major_295.wav,Major,147.11111111111111,208.44444444444443,1.416918429003021
Major_296.wav,Major,116.88888888888889,146.66666666666666,1.2547528517110265
Major_297.wav,Major,147.11111111111111,208.44444444444443,1.416918429003021
Major_298.wav,Major,116.88888888888889,146.66666666666666,1.2547528517110265
Major_299.wav,Major,147.11111111111111,208.44444444444443,1.416918429003021
Major_3.wav,Major,131.11111111111111,196.44444444444443,1.4983050847457626
Major_30.wav,Major,138.66666666666666,175.11111111111111,1.262820512820513
Major_300.wav,Major,116.88888888888889,146.66666666666666,1.2547528517110265
Major_301.wav,Major,147.11111111111111,220.44444444444443,1.498489425981873
Major_302.wav,Major,116.81818181818181,208.63636363636363,1.7859922178988328
Major_303.wav,Major,208.1818181818182,233.1818181818182,1.1200873362445414
Major_304.wav,Major,116.81818181818181,220.9090909090909,1.8910505836575877
Major_305.wav,Major,220.45454545454544,233.1818181818182,1.0577319587628866
Major_306.wav,Major,116.88888888888889,146.66666666666666,1.2547528517110265
Major_307.wav,Major,147.11111111111111,233.33333333333331,1.5861027190332324
Major_308.wav,Major,123.55555555555554,184.88888888888889,1.4964028776978417
Major_309.wav,Major,176.0,185.77777777777777,1.0555555555555556
Major_31.wav,Major,174.66666666666666,247.1111111111111,1.4147582697201018
Major_310.wav,Major,123.55555555555554,184.88888888888889,1.4964028776978417
Major_311.wav,Major,176.0,185.77777777777777,1.0555555555555556
Major_312.wav,Major,123.55555555555554,155.55555555555554,1.2589928057553956
Major_313.wav,Major,156.0,208.44444444444443,1.3361823361823362
Major_314.wav,Major,247.27272727272725,311.8181818181818,1.261029411764706
Major_315.wav,Major,247.27272727272725,311.3636363636364,1.2591911764705883
Major_316.wav,Major,123.55555555555554,155.55555555555554,1.2589928057553956
Major_317.wav,Major,156.0,220.44444444444443,1.413105413105413
Major_318.wav,Major,123.63636363636363,175.0,1.4154411764705883
Major_319.wav,Major,175.0,220.45454545454544,1.2597402597402596
Major_32.wav,Major,130.66666666666666,165.33333333333331,1.2653061224489794
Major_320.wav,Major,123.55555555555554,155.55555555555554,1.2589928057553956
Major_321.wav,Major,156.0,220.44444444444443,1.413105413105413
Major_322.wav,Major,123.63636363636363,155.45454545454544,1.2573529411764706
Major_323.wav,Major,155.9090909090909,220.45454545454544,1.41399416909621
Major_324.wav,Major,123.55555555555554,155.55555555555554,1.2589928057553956
Major_325.wav,Major,156.0,220.44444444444443,1.413105413105413
Major_326.wav,Major,123.55555555555554,155.55555555555554,1.2589928057553956
Major_327.wav,Major,156.0,220.44444444444443,1.413105413105413
Major_328.wav,Major,123.55555555555554,155.55555555555554,1.2589928057553956
Major_329.wav,Major,156.0,233.33333333333331,1.4957264957264955
Major_33.wav,Major,131.11111111111111,165.33333333333331,1.2610169491525423
Major_330.wav,Major,123.63636363636363,220.9090909090909,1.786764705882353
Major_331.wav,Major,220.45454545454544,247.27272727272725,1.1216494845360825
Major_332.wav,Major,123.63636363636363,234.0909090909091,1.8933823529411766
Major_333.wav,Major,233.1818181818182,247.27272727272725,1.060428849902534
Major_334.wav,Major,123.55555555555554,155.55555555555554,1.2589928057553956
Major_335.wav,Major,156.0,175.55555555555554,1.1253561253561253
Major_336.wav,Major,82.60951010066154,130.87085547525854,1.5842105263157895
Major_337.wav,Major,83.04429699592818,130.87085547525854,1.575916230366492
Major_338.wav,Major,98.6966252255272,130.87085547525854,1.3259911894273129
Major_339.wav,Major,97.82705143499392,130.87085547525854,1.3377777777777777
Major_34.wav,Major,130.66666666666666,165.33333333333331,1.2653061224489794
Major_340.wav,Major,98.63636363636363,165.45454545454544,1.6774193548387097
Major_341.wav,Major,97.72727272727272,165.0,1.688372093023256
Major_342.wav,Major,165.33333333333331,221.33333333333331,1.338709677419355
Major_343.wav,Major,165.33333333333331,220.44444444444443,1.3333333333333335
Major_344.wav,Major,196.0,262.22222222222223,1.3378684807256236
Major_345.wav,Major,196.44444444444443,262.22222222222223,1.3348416289592762
Major_346.wav,Major,98.6966252255272,130.87085547525854,1.3259911894273129
Major_347.wav,Major,97.82705143499392,130.87085547525854,1.3377777777777777
Major_348.wav,Major,165.33333333333331,262.22222222222223,1.5860215053763442
Major_349.wav,Major,165.33333333333331,262.22222222222223,1.5860215053763442
Major_35.wav,Major,131.11111111111111,165.33333333333331,1.2610169491525423
Major_350.wav,Major,98.6966252255272,130.87085547525854,1.3259911894273129
Major_351.wav,Major,97.82705143499392,130.87085547525854,1.3377777777777777
Major_352.wav,Major,165.45454545454544,262.27272727272725,1.585164835164835
Major_353.wav,Major,165.0,262.27272727272725,1.5895316804407713
Major_354.wav,Major,196.0,262.22222222222223,1.3378684807256236
Major_355.wav,Major,196.44444444444443,262.22222222222223,1.3348416289592762
Major_356.wav,Major,82.60951010066154,116.52288793145942,1.4105263157894736
Major_357.wav,Major,83.04429699592818,146.9579706001242,1.7696335078534031
Major_358.wav,Major,116.81818181818181,165.45454545454544,1.4163424124513617
Major_359.wav,Major,165.0,220.45454545454544,1.3360881542699723
Major_36.wav,Major,130.66666666666666,175.11111111111111,1.3401360544217689
Major_360.wav,Major,138.66666666666666,208.88888888888889,1.5064102564102564
Major_361.wav,Major,208.44444444444443,278.22222222222223,1.3347547974413647
Major_362.wav,Major,138.66666666666666,208.88888888888889,1.5064102564102564
Major_363.wav,Major,208.44444444444443,278.22222222222223,1.3347547974413647
Major_364.wav,Major,278.1818181818182,349.54545454545456,1.2565359477124183
Major_365.wav,Major,278.1818181818182,350.45454545454544,1.2598039215686274
Major_366.wav,Major,138.66666666666666,175.11111111111111,1.262820512820513
Major_367.wav,Major,174.66666666666666,208.44444444444443,1.193384223918575
Major_368.wav,Major,138.66666666666666,208.88888888888889,1.5064102564102564
Major_369.wav,Major,208.44444444444443,247.1111111111111,1.185501066098081
Major_37.wav,Major,131.11111111111111,174.66666666666666,1.3322033898305083
Major_370.wav,Major,138.63636363636363,247.27272727272725,1.7836065573770492
Major_371.wav,Major,247.27272727272725,343.6363636363636,1.3897058823529413
Major_372.wav,Major,138.63636363636363,175.0,1.2622950819672132
Major_373.wav,Major,175.0,220.45454545454544,1.2597402597402596
Major_374.wav,Major,138.63636363636363,175.0,1.2622950819672132
Major_375.wav,Major,175.0,247.27272727272725,1.4129870129870128
Major_376.wav,Major,138.66666666666666,175.11111111111111,1.262820512820513
Major_377.wav,Major,174.66666666666666,247.1111111111111,1.4147582697201018
Major_378.wav,Major,138.66666666666666,175.11111111111111,1.262820512820513
Major_379.wav,Major,174.66666666666666,247.1111111111111,1.4147582697201018
Major_38.wav,Major,130.66666666666666,196.0,1.5
Major_380.wav,Major,138.66666666666666,155.55555555555554,1.1217948717948718
Major_381.wav,Major,156.0,208.44444444444443,1.3361823361823362
Major_382.wav,Major,138.63636363636363,247.27272727272725,1.7836065573770492
Major_383.wav,Major,247.27272727272725,345.0,1.3952205882352942
Major_384.wav,Major,138.63636363636363,262.27272727272725,1.8918032786885246
Major_385.wav,Major,262.27272727272725,345.0,1.315424610051993
Major_386.wav,Major,138.63636363636363,175.0,1.2622950819672132
Major_387.wav,Major,175.0,220.45454545454544,1.2597402597402596
Major_388.wav,Major,155.45454545454544,234.0909090909091,1.5058479532163744
Major_389.wav,Major,155.9090909090909,233.1818181818182,1.4956268221574345
Major_39.wav,Major,131.11111111111111,196.44444444444443,1.4983050847457626
Major_390.wav,Major,155.45454545454544,234.0909090909091,1.5058479532163744
Major_391.wav,Major,155.9090909090909,233.1818181818182,1.4956268221574345
Major_392.wav,Major,155.21892161019036,174.78433189718913,1.1260504201680672
Major_393.wav,Major,155.653708505457,174.78433189718913,1.1229050279329609
Major_394.wav,Major,155.45454545454544,234.0909090909091,1.5058479532163744
Major_395.wav,Major,155.9090909090909,233.1818181818182,1.4956268221574345
Major_396.wav,Major,155.45454545454544,234.0909090909091,1.5058479532163744
Major_397.wav,Major,155.9090909090909,233.1818181818182,1.4956268221574345
Major_398.wav,Major,155.45454545454544,220.9090909090909,1.4210526315789476
Major_399.wav,Major,155.9090909090909,220.45454545454544,1.41399416909621
Major_4.wav,Major,130.87085547525854,165.21902020132308,1.2624584717607974
Major_40.wav,Major,130.9090909090909,234.0909090909091,1.7881944444444444
Major_400.wav,Major,155.45454545454544,247.27272727272725,1.5906432748538013
Major_401.wav,Major,155.9090909090909,247.27272727272725,1.5860058309037899
Major_402.wav,Major,155.45454545454544,195.9090909090909,1.260233918128655
Major_403.wav,Major,155.9090909090909,175.45454545454544,1.1253644314868805
Major_404.wav,Major,155.45454545454544,195.9090909090909,1.260233918128655
Major_405.wav,Major,155.9090909090909,175.45454545454544,1.1253644314868805
Major_406.wav,Major,155.55555555555554,196.0,1.26
Major_407.wav,Major,156.0,175.55555555555554,1.1253561253561253
Major_408.wav,Major,155.45454545454544,195.9090909090909,1.260233918128655
Major_409.wav,Major,155.9090909090909,196.8181818181818,1.2623906705539358
Major_41.wav,Major,130.9090909090909,233.1818181818182,1.78125
Major_410.wav,Major,155.45454545454544,278.1818181818182,1.7894736842105265
Major_411.wav,Major,155.9090909090909,273.6363636363636,1.7551020408163265
Major_412.wav,Major,155.21892161019036,196.0888897652545,1.2633053221288515
Major_413.wav,Major,155.653708505457,196.52367666052112,1.2625698324022347
Major_414.wav,Major,155.45454545454544,195.9090909090909,1.260233918128655
Major_415.wav,Major,155.9090909090909,175.45454545454544,1.1253644314868805
Major_416.wav,Major,93.04439558706089,138.69701959005806,1.4906542056074767
Major_417.wav,Major,92.17482179652761,185.2192173835885,2.009433962264151
Major_418.wav,Major,184.88888888888889,278.22222222222223,1.5048076923076923
Major_419.wav,Major,176.0,185.77777777777777,1.0555555555555556
Major_42.wav,Major,130.9090909090909,247.27272727272725,1.8888888888888888
Major_420.wav,Major,185.0,234.0909090909091,1.2653562653562653
Major_421.wav,Major,175.45454545454544,185.45454545454544,1.0569948186528497
Major_422.wav,Major,185.0,234.0909090909091,1.2653562653562653
Major_423.wav,Major,175.9090909090909,185.45454545454544,1.0542635658914727
Major_424.wav,Major,185.0,234.0909090909091,1.2653562653562653
Major_425.wav,Major,175.9090909090909,185.45454545454544,1.0542635658914727
Major_426.wav,Major,93.18181818181817,165.45454545454544,1.775609756097561
Major_427.wav,Major,92.27272727272727,165.0,1.788177339901478
Major_428.wav,Major,93.18181818181817,165.45454545454544,1.775609756097561
Major_429.wav,Major,92.27272727272727,165.0,1.788177339901478
Major_43.wav,Major,130.9090909090909,247.27272727272725,1.8888888888888888
Major_430.wav,Major,185.0,234.0909090909091,1.2653562653562653
Major_431.wav,Major,175.45454545454544,185.45454545454544,1.0569948186528497
Major_432.wav,Major,92.88888888888889,116.88888888888889,1.2583732057416268
Major_433.wav,Major,92.0,165.33333333333331,1.797101449275362
Major_434.wav,Major,92.88888888888889,165.33333333333331,1.7799043062200957
Major_435.wav,Major,92.0,165.33333333333331,1.797101449275362
Major_436.wav,Major,184.88888888888889,208.88888888888889,1.1298076923076923
Major_437.wav,Major,185.77777777777777,208.44444444444443,1.1220095693779903
Major_438.wav,Major,92.88888888888889,165.33333333333331,1.7799043062200957
Major_439.wav,Major,92.0,165.33333333333331,1.797101449275362
Major_44.wav,Major,130.66666666666666,165.33333333333331,1.2653061224489794
Major_440.wav,Major,93.04439558706089,116.52288793145942,1.2523364485981308
Major_441.wav,Major,92.17482179652761,155.653708505457,1.6886792452830188
Major_442.wav,Major,185.0,234.0909090909091,1.2653562653562653
Major_443.wav,Major,175.45454545454544,185.45454545454544,1.0569948186528497
Major_444.wav,Major,104.34885486399352,155.21892161019036,1.4875
Major_445.wav,Major,103.47928107346024,155.653708505457,1.5042016806722687
Major_446.wav,Major,208.63636363636363,311.8181818181818,1.4945533769063182
Major_447.wav,Major,208.1818181818182,311.3636363636364,1.4956331877729259
Major_448.wav,Major,208.63636363636363,262.27272727272725,1.2570806100217864
Major_449.wav,Major,208.1818181818182,262.27272727272725,1.2598253275109168
Major_45.wav,Major,131.11111111111111,165.33333333333331,1.2610169491525423
Major_450.wav,Major,104.34885486399352,155.21892161019036,1.4875
Major_451.wav,Major,103.47928107346024,155.653708505457,1.5042016806722687
Major_452.wav,Major,104.34885486399352,155.21892161019036,1.4875
Major_453.wav,Major,103.47928107346024,155.653708505457,1.5042016806722687
Major_454.wav,Major,104.54545454545455,185.0,1.7695652173913043
Major_455.wav,Major,103.63636363636363,175.45454545454544,1.6929824561403508
Major_456.wav,Major,104.54545454545455,185.0,1.7695652173913043
Major_457.wav,Major,103.63636363636363,175.45454545454544,1.6929824561403508
Major_458.wav,Major,104.54545454545455,185.0,1.7695652173913043
Major_459.wav,Major,103.63636363636363,175.9090909090909,1.6973684210526316
Major_46.wav,Major,138.66666666666666,175.11111111111111,1.262820512820513
Major_460.wav,Major,104.44444444444444,130.66666666666666,1.251063829787234
Major_461.wav,Major,103.55555555555554,131.11111111111111,1.2660944206008586
Major_462.wav,Major,104.44444444444444,130.66666666666666,1.251063829787234
Major_463.wav,Major,103.55555555555554,131.11111111111111,1.2660944206008586
Major_464.wav,Major,104.44444444444444,130.66666666666666,1.251063829787234
Major_465.wav,Major,103.55555555555554,131.11111111111111,1.2660944206008586
Major_466.wav,Major,104.54545454545455,185.0,1.7695652173913043
Major_467.wav,Major,103.63636363636363,175.45454545454544,1.6929824561403508
Major_468.wav,Major,104.34885486399352,130.87085547525854,1.2541666666666667
Major_469.wav,Major,103.47928107346024,130.87085547525854,1.2647058823529411
Major_47.wav,Major,174.66666666666666,247.1111111111111,1.4147582697201018
Major_470.wav,Major,104.44444444444444,130.66666666666666,1.251063829787234
Major_471.wav,Major,103.55555555555554,131.11111111111111,1.2660944206008586
Major_472.wav,Major,116.52288793145942,174.78433189718913,1.5
Major_473.wav,Major,174.78433189718913,233.4805627581855,1.3358208955223883
Major_474.wav,Major,116.88888888888889,175.11111111111111,1.4980988593155895
Major_475.wav,Major,174.66666666666666,233.33333333333331,1.3358778625954197
Major_476.wav,Major,116.88888888888889,146.66666666666666,1.2547528517110265
Major_477.wav,Major,147.11111111111111,196.44444444444443,1.335347432024169
Major_478.wav,Major,116.81818181818181,220.9090909090909,1.8910505836575877
Major_479.wav,Major,220.45454545454544,233.1818181818182,1.0577319587628866
Major_48.wav,Major,138.66666666666666,155.55555555555554,1.1217948717948718
Major_480.wav,Major,116.88888888888889,175.11111111111111,1.4980988593155895
Major_481.wav,Major,174.66666666666666,208.44444444444443,1.193384223918575
Major_482.wav,Major,116.88888888888889,146.66666666666666,1.2547528517110265
Major_483.wav,Major,147.11111111111111,208.44444444444443,1.416918429003021
Major_484.wav,Major,116.81818181818181,208.63636363636363,1.7859922178988328
Major_485.wav,Major,208.1818181818182,233.1818181818182,1.1200873362445414
Major_486.wav,Major,116.88888888888889,146.66666666666666,1.2547528517110265
Major_487.wav,Major,147.11111111111111,208.44444444444443,1.416918429003021
Major_488.wav,Major,116.88888888888889,146.66666666666666,1.2547528517110265
Major_489.wav,Major,147.11111111111111,208.44444444444443,1.416918429003021
Major_49.wav,Major,156.0,208.44444444444443,1.3361823361823362
Major_490.wav,Major,116.88888888888889,146.66666666666666,1.2547528517110265
Major_491.wav,Major,147.11111111111111,208.44444444444443,1.416918429003021
Major_492.wav,Major,116.88888888888889,146.66666666666666,1.2547528517110265
Major_493.wav,Major,147.11111111111111,220.44444444444443,1.498489425981873
Major_494.wav,Major,116.81818181818181,208.63636363636363,1.7859922178988328
Major_495.wav,Major,208.1818181818182,233.1818181818182,1.1200873362445414
Major_496.wav,Major,116.81818181818181,220.9090909090909,1.8910505836575877
Major_497.wav,Major,220.45454545454544,233.1818181818182,1.0577319587628866
Major_498.wav,Major,116.88888888888889,146.66666666666666,1.2547528517110265
Major_499.wav,Major,147.11111111111111,233.33333333333331,1.5861027190332324
Major_5.wav,Major,131.11111111111111,165.33333333333331,1.2610169491525423
Major_50.wav,Major,138.63636363636363,247.27272727272725,1.7836065573770492
Major_500.wav,Major,116.81818181818181,165.45454545454544,1.4163424124513617
Major_501.wav,Major,165.0,220.45454545454544,1.3360881542699723
Major_51.wav,Major,247.27272727272725,345.0,1.3952205882352942
Major_52.wav,Major,138.63636363636363,262.27272727272725,1.8918032786885246
Major_53.wav,Major,262.27272727272725,345.0,1.315424610051993
Major_54.wav,Major,138.63636363636363,175.0,1.2622950819672132
Major_55.wav,Major,175.0,220.45454545454544,1.2597402597402596
Major_56.wav,Major,146.8181818181818,220.9090909090909,1.5046439628482973
Major_57.wav,Major,146.8181818181818,220.45454545454544,1.501547987616099
Major_58.wav,Major,146.8181818181818,220.9090909090909,1.5046439628482973
Major_59.wav,Major,146.8181818181818,220.45454545454544,1.501547987616099
Major_6.wav,Major,130.66666666666666,165.33333333333331,1.2653061224489794
Major_60.wav,Major,146.66666666666666,184.88888888888889,1.2606060606060607
Major_61.wav,Major,147.11111111111111,185.77777777777777,1.2628398791540785
Major_62.wav,Major,146.66666666666666,184.88888888888889,1.2606060606060607
Major_63.wav,Major,147.11111111111111,176.0,1.1963746223564955
Major_64.wav,Major,146.8181818181818,220.9090909090909,1.5046439628482973
Major_65.wav,Major,146.8181818181818,220.45454545454544,1.501547987616099
Major_66.wav,Major,146.8181818181818,208.63636363636363,1.4210526315789473
Major_67.wav,Major,146.8181818181818,208.1818181818182,1.4179566563467494
Major_68.wav,Major,146.8181818181818,234.0909090909091,1.5944272445820433
Major_69.wav,Major,146.8181818181818,233.1818181818182,1.5882352941176472
Major_7.wav,Major,131.11111111111111,165.33333333333331,1.2610169491525423
Major_70.wav,Major,146.66666666666666,184.88888888888889,1.2606060606060607
Major_71.wav,Major,147.11111111111111,175.55555555555554,1.1933534743202416
Major_72.wav,Major,146.66666666666666,184.88888888888889,1.2606060606060607
Major_73.wav,Major,147.11111111111111,175.55555555555554,1.1933534743202416
Major_74.wav,Major,146.66666666666666,184.88888888888889,1.2606060606060607
Major_75.wav,Major,147.11111111111111,175.11111111111111,1.190332326283988
Major_76.wav,Major,146.66666666666666,165.33333333333331,1.1272727272727272
Major_77.wav,Major,147.11111111111111,165.33333333333331,1.1238670694864046
Major_78.wav,Major,146.8181818181818,262.27272727272725,1.7863777089783281
Major_79.wav,Major,146.8181818181818,262.27272727272725,1.7863777089783281
Major_8.wav,Major,130.66666666666666,165.33333333333331,1.2653061224489794
Major_80.wav,Major,146.8181818181818,278.1818181818182,1.8947368421052633
Major_81.wav,Major,146.8181818181818,272.27272727272725,1.8544891640866872
Major_82.wav,Major,146.8181818181818,234.0909090909091,1.5944272445820433
Major_83.wav,Major,146.8181818181818,233.1818181818182,1.5882352941176472
Major_84.wav,Major,155.45454545454544,234.0909090909091,1.5058479532163744
Major_85.wav,Major,155.9090909090909,233.1818181818182,1.4956268221574345
Major_86.wav,Major,155.45454545454544,234.0909090909091,1.5058479532163744
Major_87.wav,Major,155.9090909090909,233.1818181818182,1.4956268221574345
Major_88.wav,Major,155.21892161019036,174.78433189718913,1.1260504201680672
Major_89.wav,Major,155.653708505457,174.78433189718913,1.1229050279329609
Major_9.wav,Major,131.11111111111111,165.33333333333331,1.2610169491525423
Major_90.wav,Major,155.45454545454544,234.0909090909091,1.5058479532163744
Major_91.wav,Major,155.9090909090909,233.1818181818182,1.4956268221574345
Major_92.wav,Major,155.45454545454544,234.0909090909091,1.5058479532163744
Major_93.wav,Major,155.9090909090909,233.1818181818182,1.4956268221574345
Major_94.wav,Major,155.45454545454544,220.9090909090909,1.4210526315789476
Major_95.wav,Major,155.9090909090909,220.45454545454544,1.41399416909621
Major_96.wav,Major,155.45454545454544,247.27272727272725,1.5906432748538013
Major_97.wav,Major,155.9090909090909,247.27272727272725,1.5860058309037899
Major_98.wav,Major,155.45454545454544,195.9090909090909,1.260233918128655
Major_99.wav,Major,155.9090909090909,175.45454545454544,1.1253644314868805
Minor_0.wav,Minor,130.66666666666666,196.0,1.5
Minor_1.wav,Minor,131.11111111111111,196.44444444444443,1.4983050847457626
Minor_10.wav,Minor,138.69701959005806,208.69770972798705,1.5047021943573666
Minor_100.wav,Minor,87.8269528438612,130.87085547525854,1.49009900990099
Minor_101.wav,Minor,86.95737905332793,130.87085547525854,1.5050000000000001
Minor_102.wav,Minor,175.0,262.27272727272725,1.4987012987012986
Minor_103.wav,Minor,175.0,262.27272727272725,1.4987012987012986
Minor_104.wav,Minor,87.8269528438612,130.87085547525854,1.49009900990099
Minor_105.wav,Minor,86.95737905332793,130.87085547525854,1.5050000000000001
Minor_106.wav,Minor,87.8269528438612,130.87085547525854,1.49009900990099
Minor_107.wav,Minor,86.95737905332793,130.87085547525854,1.5050000000000001
Minor_108.wav,Minor,175.0,247.27272727272725,1.4129870129870128
Minor_109.wav,Minor,175.0,247.27272727272725,1.4129870129870128
Minor_11.wav,Minor,208.2629228327204,262.17649784578373,1.2588726513569939
Minor_110.wav,Minor,175.0,247.27272727272725,1.4129870129870128
Minor_111.wav,Minor,175.0,247.27272727272725,1.4129870129870128
Minor_112.wav,Minor,88.0,155.55555555555554,1.7676767676767675
Minor_113.wav,Minor,87.1111111111111,156.0,1.7908163265306125
Minor_114.wav,Minor,87.8269528438612,116.52288793145942,1.3267326732673268
Minor_115.wav,Minor,86.95737905332793,155.653708505457,1.79
Minor_116.wav,Minor,87.8269528438612,130.87085547525854,1.49009900990099
Minor_117.wav,Minor,86.95737905332793,130.87085547525854,1.5050000000000001
Minor_118.wav,Minor,175.0,208.63636363636363,1.192207792207792
Minor_119.wav,Minor,175.0,208.1818181818182,1.1896103896103896
Minor_12.wav,Minor,138.66666666666666,165.33333333333331,1.1923076923076923
Minor_120.wav,Minor,93.04439558706089,138.69701959005806,1.4906542056074767
Minor_121.wav,Minor,92.17482179652761,185.2192173835885,2.009433962264151
Minor_122.wav,Minor,92.88888888888889,155.55555555555554,1.6746411483253587
Minor_123.wav,Minor,92.0,156.0,1.6956521739130435
Minor_124.wav,Minor,93.18181818181817,165.45454545454544,1.775609756097561
Minor_125.wav,Minor,92.27272727272727,165.0,1.788177339901478
Minor_126.wav,Minor,93.04439558706089,138.69701959005806,1.4906542056074767
Minor_127.wav,Minor,92.17482179652761,174.78433189718913,1.8962264150943395
Minor_128.wav,Minor,185.0,262.27272727272725,1.4176904176904175
Minor_129.wav,Minor,175.45454545454544,185.45454545454544,1.0569948186528497
Minor_13.wav,Minor,165.33333333333331,174.66666666666666,1.056451612903226
Minor_130.wav,Minor,93.18181818181817,155.45454545454544,1.6682926829268292
Minor_131.wav,Minor,92.27272727272727,155.9090909090909,1.6896551724137931
Minor_132.wav,Minor,92.88888888888889,109.77777777777777,1.1818181818181819
Minor_133.wav,Minor,92.0,109.77777777777777,1.1932367149758454
Minor_134.wav,Minor,93.04439558706089,123.9142651509923,1.3317757009345794
Minor_135.wav,Minor,92.17482179652761,165.21902020132308,1.7924528301886793
Minor_136.wav,Minor,93.04439558706089,138.69701959005806,1.4906542056074767
Minor_137.wav,Minor,92.17482179652761,165.21902020132308,1.7924528301886793
Minor_138.wav,Minor,185.0,220.9090909090909,1.194103194103194
Minor_139.wav,Minor,175.9090909090909,185.45454545454544,1.0542635658914727
Minor_14.wav,Minor,138.63636363636363,234.0909090909091,1.6885245901639345
Minor_140.wav,Minor,98.6966252255272,116.52288793145942,1.1806167400881058
Minor_141.wav,Minor,97.82705143499392,146.9579706001242,1.5022222222222223
Minor_142.wav,Minor,98.63636363636363,165.45454545454544,1.6774193548387097
Minor_143.wav,Minor,97.72727272727272,165.0,1.688372093023256
Minor_144.wav,Minor,98.63636363636363,175.0,1.774193548387097
Minor_145.wav,Minor,97.72727272727272,175.0,1.7906976744186047
Minor_146.wav,Minor,98.6966252255272,146.52318370485756,1.4845814977973568
Minor_147.wav,Minor,97.82705143499392,146.9579706001242,1.5022222222222223
Minor_148.wav,Minor,195.9090909090909,278.1818181818182,1.419953596287703
Minor_149.wav,Minor,196.8181818181818,278.1818181818182,1.4133949191685913
Minor_15.wav,Minor,233.1818181818182,330.9090909090909,1.4191033138401559
Minor_150.wav,Minor,98.63636363636363,165.45454545454544,1.6774193548387097
Minor_151.wav,Minor,97.72727272727272,165.0,1.688372093023256
Minor_152.wav,Minor,98.66666666666666,175.11111111111111,1.774774774774775
Minor_153.wav,Minor,97.77777777777777,174.66666666666666,1.7863636363636364
Minor_154.wav,Minor,98.6966252255272,130.87085547525854,1.3259911894273129
Minor_155.wav,Minor,97.82705143499392,130.87085547525854,1.3377777777777777
Minor_156.wav,Minor,98.6966252255272,146.52318370485756,1.4845814977973568
Minor_157.wav,Minor,97.82705143499392,146.9579706001242,1.5022222222222223
Minor_158.wav,Minor,195.81395348837208,278.1395348837209,1.4204275534441804
Minor_159.wav,Minor,191.62790697674419,196.74418604651163,1.0266990291262137
Minor_16.wav,Minor,130.66666666666666,196.0,1.5
Minor_160.wav,Minor,208.88888888888889,312.0,1.4936170212765958
Minor_161.wav,Minor,208.44444444444443,311.55555555555554,1.4946695095948828
Minor_162.wav,Minor,104.34885486399352,155.21892161019036,1.4875
Minor_163.wav,Minor,103.47928107346024,155.653708505457,1.5042016806722687
Minor_164.wav,Minor,104.54545454545455,185.0,1.7695652173913043
Minor_165.wav,Minor,103.63636363636363,176.36363636363635,1.7017543859649122
Minor_166.wav,Minor,104.34885486399352,155.21892161019036,1.4875
Minor_167.wav,Minor,103.47928107346024,155.653708505457,1.5042016806722687
Minor_168.wav,Minor,208.63636363636363,294.54545454545456,1.411764705882353
Minor_169.wav,Minor,208.1818181818182,294.09090909090907,1.412663755458515
Minor_17.wav,Minor,131.11111111111111,196.44444444444443,1.4983050847457626
Minor_170.wav,Minor,104.54545454545455,175.0,1.6739130434782608
Minor_171.wav,Minor,103.63636363636363,175.0,1.6885964912280704
Minor_172.wav,Minor,104.44444444444444,184.88888888888889,1.7702127659574467
Minor_173.wav,Minor,103.55555555555554,185.77777777777777,1.793991416309013
Minor_174.wav,Minor,104.34885486399352,138.69701959005806,1.3291666666666666
Minor_175.wav,Minor,103.47928107346024,185.65400427885513,1.7941176470588234
Minor_176.wav,Minor,104.54545454545455,185.0,1.7695652173913043
Minor_177.wav,Minor,103.63636363636363,175.9090909090909,1.6973684210526316
Minor_178.wav,Minor,104.44444444444444,123.55555555555554,1.1829787234042553
Minor_179.wav,Minor,103.55555555555554,147.11111111111111,1.420600858369099
Minor_18.wav,Minor,130.66666666666666,196.0,1.5
Minor_180.wav,Minor,109.77777777777777,165.33333333333331,1.5060728744939271
Minor_181.wav,Minor,109.77777777777777,165.33333333333331,1.5060728744939271
Minor_182.wav,Minor,109.77777777777777,165.33333333333331,1.5060728744939271
Minor_183.wav,Minor,109.77777777777777,165.33333333333331,1.5060728744939271
Minor_184.wav,Minor,109.77777777777777,165.33333333333331,1.5060728744939271
Minor_185.wav,Minor,109.77777777777777,165.33333333333331,1.5060728744939271
Minor_186.wav,Minor,109.77777777777777,165.33333333333331,1.5060728744939271
Minor_187.wav,Minor,109.77777777777777,165.33333333333331,1.5060728744939271
Minor_188.wav,Minor,109.77777777777777,155.55555555555554,1.417004048582996
Minor_189.wav,Minor,109.77777777777777,156.0,1.4210526315789473
Minor_19.wav,Minor,131.11111111111111,196.44444444444443,1.4983050847457626
Minor_190.wav,Minor,109.77777777777777,155.55555555555554,1.417004048582996
Minor_191.wav,Minor,109.77777777777777,156.0,1.4210526315789473
Minor_192.wav,Minor,110.00108450245983,130.87085547525854,1.1897233201581028
Minor_193.wav,Minor,109.56629760719319,130.87085547525854,1.1944444444444444
Minor_194.wav,Minor,109.77777777777777,146.66666666666666,1.3360323886639676
Minor_195.wav,Minor,109.77777777777777,147.11111111111111,1.3400809716599191
Minor_196.wav,Minor,109.77777777777777,165.33333333333331,1.5060728744939271
Minor_197.wav,Minor,109.77777777777777,165.33333333333331,1.5060728744939271
Minor_198.wav,Minor,110.0,155.45454545454544,1.4132231404958677
Minor_199.wav,Minor,109.54545454545455,155.9090909090909,1.4232365145228216
Minor_2.wav,Minor,130.87085547525854,196.0888897652545,1.4983388704318938
Minor_20.wav,Minor,130.9090909090909,185.0,1.4131944444444444
Minor_200.wav,Minor,116.52288793145942,174.78433189718913,1.5
Minor_201.wav,Minor,174.78433189718913,233.4805627581855,1.3358208955223883
Minor_202.wav,Minor,116.81818181818181,175.0,1.4980544747081712
Minor_203.wav,Minor,175.0,192.27272727272728,1.0987012987012987
Minor_204.wav,Minor,116.88888888888889,175.11111111111111,1.4980988593155895
Minor_205.wav,Minor,174.66666666666666,208.44444444444443,1.193384223918575
Minor_206.wav,Minor,116.88888888888889,175.11111111111111,1.4980988593155895
Minor_207.wav,Minor,174.66666666666666,220.44444444444443,1.262086513994911
Minor_208.wav,Minor,116.81818181818181,208.63636363636363,1.7859922178988328
Minor_209.wav,Minor,208.1818181818182,233.1818181818182,1.1200873362445414
Minor_21.wav,Minor,130.9090909090909,175.9090909090909,1.34375
Minor_210.wav,Minor,116.81818181818181,165.45454545454544,1.4163424124513617
Minor_211.wav,Minor,165.0,175.0,1.0606060606060606
Minor_212.wav,Minor,116.88888888888889,208.88888888888889,1.7870722433460076
Minor_213.wav,Minor,208.44444444444443,233.33333333333331,1.1194029850746268
Minor_214.wav,Minor,116.88888888888889,155.55555555555554,1.3307984790874523
Minor_215.wav,Minor,156.0,208.44444444444443,1.3361823361823362
Minor_216.wav,Minor,116.52288793145942,174.78433189718913,1.5
Minor_217.wav,Minor,174.78433189718913,208.2629228327204,1.191542288557214
Minor_218.wav,Minor,116.88888888888889,165.33333333333331,1.4144486692015208
Minor_219.wav,Minor,165.33333333333331,233.33333333333331,1.4112903225806452
Minor_22.wav,Minor,130.9090909090909,220.9090909090909,1.6875
Minor_220.wav,Minor,123.9142651509923,185.2192173835885,1.4947368421052631
Minor_221.wav,Minor,176.08869258298907,185.65400427885513,1.054320987654321
Minor_222.wav,Minor,123.9142651509923,185.2192173835885,1.4947368421052631
Minor_223.wav,Minor,185.65400427885513,242.61108755878493,1.3067915690866512
Minor_224.wav,Minor,123.55555555555554,146.66666666666666,1.1870503597122302
Minor_225.wav,Minor,147.11111111111111,220.44444444444443,1.498489425981873
Minor_226.wav,Minor,123.9142651509923,185.2192173835885,1.4947368421052631
Minor_227.wav,Minor,176.08869258298907,185.65400427885513,1.054320987654321
Minor_228.wav,Minor,123.63636363636363,220.9090909090909,1.786764705882353
Minor_229.wav,Minor,220.45454545454544,247.27272727272725,1.1216494845360825
Minor_23.wav,Minor,130.9090909090909,220.45454545454544,1.6840277777777777
Minor_230.wav,Minor,123.63636363636363,175.0,1.4154411764705883
Minor_231.wav,Minor,175.0,208.1818181818182,1.1896103896103896
Minor_232.wav,Minor,123.55555555555554,146.66666666666666,1.1870503597122302
Minor_233.wav,Minor,147.11111111111111,220.44444444444443,1.498489425981873
Minor_234.wav,Minor,123.55555555555554,165.33333333333331,1.3381294964028776
Minor_235.wav,Minor,165.33333333333331,220.44444444444443,1.3333333333333335
Minor_236.wav,Minor,123.9142651509923,185.2192173835885,1.4947368421052631
Minor_237.wav,Minor,185.65400427885513,220.43695590018632,1.187353629976581
Minor_238.wav,Minor,247.27272727272725,349.54545454545456,1.4136029411764708
Minor_239.wav,Minor,247.27272727272725,345.0,1.3952205882352942
Minor_24.wav,Minor,130.9090909090909,155.45454545454544,1.1875
Minor_240.wav,Minor,155.45454545454544,195.9090909090909,1.260233918128655
Minor_241.wav,Minor,155.9090909090909,196.8181818181818,1.2623906705539358
Minor_242.wav,Minor,98.6966252255272,130.87085547525854,1.3259911894273129
Minor_243.wav,Minor,97.82705143499392,130.87085547525854,1.3377777777777777
Minor_244.wav,Minor,109.77777777777777,155.55555555555554,1.417004048582996
Minor_245.wav,Minor,109.77777777777777,156.0,1.4210526315789473
Minor_246.wav,Minor,155.45454545454544,234.0909090909091,1.5058479532163744
Minor_247.wav,Minor,155.9090909090909,233.1818181818182,1.4956268221574345
Minor_248.wav,Minor,155.55555555555554,234.2222222222222,1.5057142857142858
Minor_249.wav,Minor,156.0,233.33333333333331,1.4957264957264955
Minor_25.wav,Minor,130.9090909090909,155.9090909090909,1.1909722222222223
Minor_250.wav,Minor,155.45454545454544,234.0909090909091,1.5058479532163744
Minor_252.wav,Minor,138.63636363636363,165.45454545454544,1.1934426229508197
Minor_253.wav,Minor,165.0,175.0,1.0606060606060606
Minor_254.wav,Minor,138.69701959005806,208.69770972798705,1.5047021943573666
Minor_255.wav,Minor,208.2629228327204,278.2636129706494,1.336116910229645
Minor_256.wav,Minor,138.66666666666666,165.33333333333331,1.1923076923076923
Minor_257.wav,Minor,165.33333333333331,175.11111111111111,1.0591397849462367
Minor_258.wav,Minor,138.69701959005806,208.69770972798705,1.5047021943573666
Minor_259.wav,Minor,208.2629228327204,262.17649784578373,1.2588726513569939
Minor_26.wav,Minor,130.66666666666666,175.11111111111111,1.3401360544217689
Minor_260.wav,Minor,138.66666666666666,165.33333333333331,1.1923076923076923
Minor_261.wav,Minor,165.33333333333331,174.66666666666666,1.056451612903226
Minor_262.wav,Minor,138.63636363636363,234.0909090909091,1.6885245901639345
Minor_263.wav,Minor,233.1818181818182,330.9090909090909,1.4191033138401559
Minor_264.wav,Minor,138.63636363636363,165.45454545454544,1.1934426229508197
Minor_265.wav,Minor,165.0,175.0,1.0606060606060606
Minor_266.wav,Minor,138.66666666666666,184.88888888888889,1.3333333333333335
Minor_267.wav,Minor,176.0,185.77777777777777,1.0555555555555556
Minor_268.wav,Minor,138.63636363636363,247.27272727272725,1.7836065573770492
Minor_269.wav,Minor,247.27272727272725,330.9090909090909,1.338235294117647
Minor_27.wav,Minor,131.11111111111111,174.66666666666666,1.3322033898305083
Minor_270.wav,Minor,138.66666666666666,165.33333333333331,1.1923076923076923
Minor_271.wav,Minor,165.33333333333331,174.66666666666666,1.056451612903226
Minor_272.wav,Minor,155.21892161019036,234.35013654871878,1.5098039215686274
Minor_273.wav,Minor,155.653708505457,233.4805627581855,1.5
Minor_274.wav,Minor,155.45454545454544,234.0909090909091,1.5058479532163744
Minor_275.wav,Minor,155.9090909090909,233.1818181818182,1.4956268221574345
Minor_276.wav,Minor,155.45454545454544,234.0909090909091,1.5058479532163744
Minor_277.wav,Minor,155.9090909090909,233.1818181818182,1.4956268221574345
Minor_278.wav,Minor,155.45454545454544,234.0909090909091,1.5058479532163744
Minor_279.wav,Minor,155.9090909090909,233.1818181818182,1.4956268221574345
Minor_28.wav,Minor,130.9090909090909,234.0909090909091,1.7881944444444444
Minor_280.wav,Minor,155.45454545454544,220.9090909090909,1.4210526315789476
Minor_281.wav,Minor,155.9090909090909,220.45454545454544,1.41399416909621
Minor_282.wav,Minor,155.45454545454544,220.9090909090909,1.4210526315789476
Minor_283.wav,Minor,155.9090909090909,220.45454545454544,1.41399416909621
Minor_284.wav,Minor,155.55555555555554,278.22222222222223,1.7885714285714287
Minor_285.wav,Minor,156.0,278.22222222222223,1.7834757834757835
Minor_286.wav,Minor,155.45454545454544,208.63636363636363,1.342105263157895
Minor_287.wav,Minor,155.9090909090909,208.1818181818182,1.3352769679300291
Minor_288.wav,Minor,155.45454545454544,278.1818181818182,1.7894736842105265
Minor_289.wav,Minor,155.9090909090909,278.1818181818182,1.784256559766764
Minor_29.wav,Minor,130.9090909090909,233.1818181818182,1.78125
Minor_290.wav,Minor,155.45454545454544,220.9090909090909,1.4210526315789476
Minor_291.wav,Minor,155.9090909090909,220.45454545454544,1.41399416909621
Minor_292.wav,Minor,93.04439558706089,138.69701959005806,1.4906542056074767
Minor_293.wav,Minor,92.17482179652761,185.2192173835885,2.009433962264151
Minor_294.wav,Minor,92.88888888888889,155.55555555555554,1.6746411483253587
Minor_295.wav,Minor,92.0,156.0,1.6956521739130435
Minor_296.wav,Minor,93.18181818181817,165.45454545454544,1.775609756097561
Minor_297.wav,Minor,92.27272727272727,165.0,1.788177339901478
Minor_298.wav,Minor,93.04439558706089,138.69701959005806,1.4906542056074767
Minor_299.wav,Minor,92.17482179652761,174.78433189718913,1.8962264150943395
Minor_3.wav,Minor,130.87085547525854,196.52367666052112,1.5016611295681062
Minor_30.wav,Minor,130.9090909090909,155.45454545454544,1.1875
Minor_300.wav,Minor,185.0,262.27272727272725,1.4176904176904175
Minor_301.wav,Minor,175.45454545454544,185.45454545454544,1.0569948186528497
Minor_302.wav,Minor,93.18181818181817,155.45454545454544,1.6682926829268292
Minor_303.wav,Minor,92.27272727272727,155.9090909090909,1.6896551724137931
Minor_304.wav,Minor,92.88888888888889,109.77777777777777,1.1818181818181819
Minor_305.wav,Minor,92.0,109.77777777777777,1.1932367149758454
Minor_306.wav,Minor,93.04439558706089,123.9142651509923,1.3317757009345794
Minor_307.wav,Minor,92.17482179652761,165.21902020132308,1.7924528301886793
Minor_308.wav,Minor,93.04439558706089,138.69701959005806,1.4906542056074767
Minor_309.wav,Minor,92.17482179652761,165.21902020132308,1.7924528301886793
Minor_31.wav,Minor,130.9090909090909,155.9090909090909,1.1909722222222223
Minor_310.wav,Minor,185.0,220.9090909090909,1.194103194103194
Minor_311.wav,Minor,175.9090909090909,185.45454545454544,1.0542635658914727
Minor_312.wav,Minor,208.88888888888889,312.0,1.4936170212765958
Minor_313.wav,Minor,208.44444444444443,311.55555555555554,1.4946695095948828
Minor_314.wav,Minor,104.34885486399352,155.21892161019036,1.4875
Minor_315.wav,Minor,103.47928107346024,155.653708505457,1.5042016806722687
Minor_316.wav,Minor,104.54545454545455,185.0,1.7695652173913043
Minor_317.wav,Minor,103.63636363636363,176.36363636363635,1.7017543859649122
Minor_318.wav,Minor,104.34885486399352,155.21892161019036,1.4875
Minor_319.wav,Minor,103.47928107346024,155.653708505457,1.5042016806722687
Minor_32.wav,Minor,138.63636363636363,165.45454545454544,1.1934426229508197
Minor_320.wav,Minor,208.63636363636363,294.54545454545456,1.411764705882353
Minor_321.wav,Minor,208.1818181818182,294.09090909090907,1.412663755458515
Minor_322.wav,Minor,104.54545454545455,175.0,1.6739130434782608
Minor_323.wav,Minor,103.63636363636363,175.0,1.6885964912280704
Minor_324.wav,Minor,104.44444444444444,184.88888888888889,1.7702127659574467
Minor_325.wav,Minor,103.55555555555554,185.77777777777777,1.793991416309013
Minor_326.wav,Minor,104.34885486399352,138.69701959005806,1.3291666666666666
Minor_327.wav,Minor,103.47928107346024,185.65400427885513,1.7941176470588234
Minor_328.wav,Minor,104.54545454545455,185.0,1.7695652173913043
Minor_329.wav,Minor,103.63636363636363,175.9090909090909,1.6973684210526316
Minor_33.wav,Minor,165.0,175.0,1.0606060606060606
Minor_330.wav,Minor,104.44444444444444,123.55555555555554,1.1829787234042553
Minor_331.wav,Minor,103.55555555555554,147.11111111111111,1.420600858369099
Minor_332.wav,Minor,116.52288793145942,174.78433189718913,1.5
Minor_333.wav,Minor,174.78433189718913,233.4805627581855,1.3358208955223883
Minor_334.wav,Minor,116.81818181818181,175.0,1.4980544747081712
Minor_335.wav,Minor,175.0,192.27272727272728,1.0987012987012987
Minor_336.wav,Minor,116.88888888888889,175.11111111111111,1.4980988593155895
Minor_337.wav,Minor,174.66666666666666,208.44444444444443,1.193384223918575
Minor_338.wav,Minor,116.88888888888889,175.11111111111111,1.4980988593155895
Minor_339.wav,Minor,174.66666666666666,220.44444444444443,1.262086513994911
Minor_34.wav,Minor,138.66666666666666,184.88888888888889,1.3333333333333335
Minor_340.wav,Minor,116.81818181818181,208.63636363636363,1.7859922178988328
Minor_341.wav,Minor,208.1818181818182,233.1818181818182,1.1200873362445414
Minor_342.wav,Minor,116.81818181818181,165.45454545454544,1.4163424124513617
Minor_343.wav,Minor,165.0,175.0,1.0606060606060606
Minor_344.wav,Minor,116.88888888888889,208.88888888888889,1.7870722433460076
Minor_345.wav,Minor,208.44444444444443,233.33333333333331,1.1194029850746268
Minor_346.wav,Minor,116.88888888888889,155.55555555555554,1.3307984790874523
Minor_347.wav,Minor,156.0,208.44444444444443,1.3361823361823362
Minor_348.wav,Minor,116.52288793145942,174.78433189718913,1.5
Minor_349.wav,Minor,174.78433189718913,208.2629228327204,1.191542288557214
Minor_35.wav,Minor,176.0,185.77777777777777,1.0555555555555556
Minor_350.wav,Minor,116.88888888888889,165.33333333333331,1.4144486692015208
Minor_351.wav,Minor,165.33333333333331,233.33333333333331,1.4112903225806452
Minor_352.wav,Minor,155.45454545454544,195.9090909090909,1.260233918128655
Minor_353.wav,Minor,155.9090909090909,196.8181818181818,1.2623906705539358
Minor_354.wav,Minor,155.45454545454544,234.0909090909091,1.5058479532163744
Minor_355.wav,Minor,155.9090909090909,233.1818181818182,1.4956268221574345
Minor_356.wav,Minor,155.55555555555554,234.2222222222222,1.5057142857142858
Minor_357.wav,Minor,156.0,233.33333333333331,1.4957264957264955
Minor_36.wav,Minor,138.63636363636363,247.27272727272725,1.7836065573770492
Minor_37.wav,Minor,247.27272727272725,330.9090909090909,1.338235294117647
Minor_38.wav,Minor,138.66666666666666,165.33333333333331,1.1923076923076923
Minor_39.wav,Minor,165.33333333333331,174.66666666666666,1.056451612903226
Minor_4.wav,Minor,138.63636363636363,165.45454545454544,1.1934426229508197
Minor_40.wav,Minor,146.8181818181818,220.9090909090909,1.5046439628482973
Minor_41.wav,Minor,146.8181818181818,220.45454545454544,1.501547987616099
Minor_42.wav,Minor,146.8181818181818,220.9090909090909,1.5046439628482973
Minor_43.wav,Minor,146.8181818181818,220.45454545454544,1.501547987616099
Minor_44.wav,Minor,146.8181818181818,220.9090909090909,1.5046439628482973
Minor_45.wav,Minor,146.8181818181818,220.45454545454544,1.501547987616099
Minor_46.wav,Minor,146.8181818181818,220.9090909090909,1.5046439628482973
Minor_47.wav,Minor,146.8181818181818,220.45454545454544,1.501547987616099
Minor_48.wav,Minor,146.8181818181818,208.63636363636363,1.4210526315789473
Minor_49.wav,Minor,146.8181818181818,208.1818181818182,1.4179566563467494
Minor_5.wav,Minor,165.0,175.0,1.0606060606060606
Minor_50.wav,Minor,146.8181818181818,208.63636363636363,1.4210526315789473
Minor_51.wav,Minor,146.8181818181818,208.1818181818182,1.4179566563467494
Minor_52.wav,Minor,146.8181818181818,175.0,1.1919504643962848
Minor_53.wav,Minor,146.8181818181818,175.0,1.1919504643962848
Minor_54.wav,Minor,146.8181818181818,195.9090909090909,1.3343653250773995
Minor_55.wav,Minor,146.8181818181818,196.8181818181818,1.3405572755417956
Minor_56.wav,Minor,146.8181818181818,247.27272727272725,1.6842105263157894
Minor_57.wav,Minor,146.8181818181818,247.27272727272725,1.6842105263157894
Minor_58.wav,Minor,146.8181818181818,208.63636363636363,1.4210526315789473
Minor_59.wav,Minor,146.8181818181818,208.1818181818182,1.4179566563467494
Minor_6.wav,Minor,138.69701959005806,208.69770972798705,1.5047021943573666
Minor_60.wav,Minor,155.21892161019036,234.35013654871878,1.5098039215686274
Minor_61.wav,Minor,155.653708505457,233.4805627581855,1.5
Minor_62.wav,Minor,155.45454545454544,234.0909090909091,1.5058479532163744
Minor_63.wav,Minor,155.9090909090909,233.1818181818182,1.4956268221574345
Minor_64.wav,Minor,155.45454545454544,234.0909090909091,1.5058479532163744
Minor_65.wav,Minor,155.9090909090909,233.1818181818182,1.4956268221574345
Minor_66.wav,Minor,155.45454545454544,234.0909090909091,1.5058479532163744
Minor_67.wav,Minor,155.9090909090909,233.1818181818182,1.4956268221574345
Minor_68.wav,Minor,155.45454545454544,220.9090909090909,1.4210526315789476
Minor_69.wav,Minor,155.9090909090909,220.45454545454544,1.41399416909621
Minor_7.wav,Minor,208.2629228327204,278.2636129706494,1.336116910229645
Minor_70.wav,Minor,155.45454545454544,220.9090909090909,1.4210526315789476
Minor_71.wav,Minor,155.9090909090909,220.45454545454544,1.41399416909621
Minor_72.wav,Minor,155.55555555555554,278.22222222222223,1.7885714285714287
Minor_73.wav,Minor,156.0,278.22222222222223,1.7834757834757835
Minor_74.wav,Minor,155.45454545454544,208.63636363636363,1.342105263157895
Minor_75.wav,Minor,155.9090909090909,208.1818181818182,1.3352769679300291
Minor_76.wav,Minor,155.45454545454544,278.1818181818182,1.7894736842105265
Minor_77.wav,Minor,155.9090909090909,278.1818181818182,1.784256559766764
Minor_78.wav,Minor,155.45454545454544,220.9090909090909,1.4210526315789476
Minor_79.wav,Minor,155.9090909090909,220.45454545454544,1.41399416909621
Minor_8.wav,Minor,138.66666666666666,165.33333333333331,1.1923076923076923
Minor_80.wav,Minor,82.60951010066154,123.9142651509923,1.5
Minor_81.wav,Minor,83.04429699592818,165.21902020132308,1.9895287958115182
Minor_82.wav,Minor,165.45454545454544,278.1818181818182,1.6813186813186816
Minor_83.wav,Minor,165.0,175.0,1.0606060606060606
Minor_84.wav,Minor,82.60951010066154,123.9142651509923,1.5
Minor_85.wav,Minor,83.04429699592818,165.21902020132308,1.9895287958115182
Minor_86.wav,Minor,82.60951010066154,123.9142651509923,1.5
Minor_87.wav,Minor,83.04429699592818,155.653708505457,1.8743455497382198
Minor_88.wav,Minor,165.45454545454544,234.0909090909091,1.414835164835165
Minor_89.wav,Minor,165.0,233.1818181818182,1.4132231404958677
Minor_9.wav,Minor,165.33333333333331,175.11111111111111,1.0591397849462367
Minor_90.wav,Minor,165.45454545454544,234.0909090909091,1.414835164835165
Minor_91.wav,Minor,165.0,233.1818181818182,1.4132231404958677
Minor_92.wav,Minor,82.60951010066154,123.9142651509923,1.5
Minor_93.wav,Minor,83.04429699592818,146.9579706001242,1.7696335078534031
Minor_94.wav,Minor,82.60951010066154,110.00108450245983,1.331578947368421
Minor_95.wav,Minor,83.04429699592818,146.9579706001242,1.7696335078534031
Minor_96.wav,Minor,82.60951010066154,123.9142651509923,1.5
Minor_97.wav,Minor,83.04429699592818,146.9579706001242,1.7696335078534031
Minor_98.wav,Minor,165.45454545454544,234.0909090909091,1.414835164835165
Minor_99.wav,Minor,165.0,233.1818181818182,1.4132231404958677
